target_index,auc,ef_0.005,ef_0.01,ef_0.02,ef_0.05
0,0.8019762564867479,43.10288065843621,29.277428371767996,18.472663139329807,8.883799830364715
1,0.5370926921404654,23.515712619020736,11.761618823529412,5.881750491843401,2.3529261137910127
2,0.5402147702498847,1.227817952592222,1.227817952592222,1.3812951966662497,1.3340407813956612
3,0.538115428571457,3.884230055658627,2.917803976627506,1.7845209682918515,1.8827571664247882
4,0.48511876077411287,1.586958459221233,1.360250107903914,1.4738111632879087,0.9750101459501455
5,0.6064000287955319,0.0,0.7323119789596831,0.8240183916875646,0.6959226043446839
6,0.5378888259386213,6.020781302115958,3.613688797744168,2.710724336291289,1.6867298948530238
7,0.5830577744911298,0.0,0.8129578456313099,1.4904227169907347,2.005408777659526
8,0.6335631659212762,10.256325258535204,5.128162629267602,2.564081314633801,2.564081314633801
9,0.7656728268053803,0.0,0.0,0.0,0.8332993550300244
10,0.7260838409172381,0.0,15.370879120879122,7.685439560439561,4.611263736263736
11,0.3933890522121527,0.0,0.0,0.0,0.0
12,0.5406505048950805,0.0,0.5153249625264975,1.030797730864705,1.8555955824644683
13,0.4735880240779313,2.0537200347782885,1.0299623135141869,1.5449434702712805,0.824468018798539
14,0.5845709620011409,7.615384615384615,3.8823529411764706,2.9405940594059405,2.152173913043478

# Summary
metric,reproduced,paper_reported
auc_mean,0.5831588609518767,0.5717
bedroc_mean,0.0599088232553085,0.0623
ef_0.005_mean,6.617587397049539,8.56
ef_0.01_mean,5.175370654808005,5.51
ef_0.02_mean,3.3190041693336068,
ef_0.05_mean,2.1771651490011736,2.27
