auroc,bedroc,ef_0.005,ef_0.01,ef_0.05,target,n_molecules,n_actives,n_pockets,n_distinct_scores
0.6200733333491668,0.028381801704830626,0.0,5.880809411764706,1.1764630568955063,ADRB2,312418,17,8,44
0.516467121961991,0.052665530863266544,1.0324832783161866,0.9766733713801765,1.0465801109275585,ALDH1,144976,7166,8,44
0.5625637350825403,0.09380885881353764,15.370879120879122,7.685439560439561,4.611263736263736,ESR1_ago,5595,13,15,33
0.5540513759576984,0.06996475130496389,3.8076923076923075,3.8823529411764706,2.152173913043478,ESR1_ant,5049,102,15,37
0.6151644363199741,0.019916843526489897,1.083639144429668,1.0839437941750798,1.7886078287233615,FEN1,355678,369,1,70
0.47763173652706353,0.011679405482308133,1.2041562604231917,1.2045629325813894,0.6024035338760799,GBA,296037,166,6,39
0.5666155345131869,0.003784910648289157,0.0,0.0,1.5384487887802805,IDH1,361997,39,14,41
0.4980870348896904,0.026201232488411726,4.121417762224534,2.06129985010599,1.8555955824644683,KAT2A,348606,194,3,41
0.55969392207794,0.03458754005451232,3.236858379715523,2.2694030929325044,1.752911844602389,MAPK1,62808,308,15,39
0.51587538817693,0.015874314402499708,0.0,0.0,1.2367020281978085,MTORC1,33069,97,11,33
0.6790858032588873,0.024594319912372663,0.0,0.0,2.4998980650900733,OPRK1,269769,24,1,70
0.49420138209409714,0.014696258763239203,0.7320145329893503,1.0984679684395247,0.9889426482792877,PKM2,246003,546,9,41
0.6293879291959961,0.042362852161868046,0.0,3.6596785464709995,1.480633305060786,PPARG,5237,27,15,30
0.5673941300808986,0.02286486756607458,0.0,1.250220783043862,1.0095679562607713,TP53,4247,79,6,35
0.46401005427748965,0.006822946799196918,0.0,0.5667708782932975,0.5895410184814833,VDR,356123,882,2,39
