auroc,bedroc,ef_0.005,ef_0.01,ef_0.05,target,n_molecules,n_actives,n_pockets,n_distinct_scores,per_type_uncentered_target
0.9055439490787159,0.5864054895699922,51.97366047266823,38.894791949431884,12.402764351118725,aa2ar,32010,482,1,32010,False
0.6364878724141854,0.40080604598967917,38.21328671328671,25.657492507492506,7.904132430640657,abl1,10929,182,1,10929,False
0.8886974934403744,0.4131221090056064,30.44858156028369,23.721569355104734,11.484680355683254,ace,17173,282,1,17173,False
0.8599066079950617,0.6186019883638506,51.88524266086785,40.383733908772975,12.181323015105292,aces,26691,453,1,26691,False
0.9880142053862103,0.9156839935467462,59.60215053763441,58.53782642089094,17.580490446352595,ada,5543,93,1,5543,False
0.9886591723080945,0.874731823682829,68.46992481203007,62.654670923885064,18.376395846916964,ada17,36426,532,1,36426,False
0.8195143846297077,0.3432167785659094,28.9608636977058,21.855558629014006,8.418437397842434,adrb1,16095,247,1,16095,False
0.7898353396719568,0.32439876045978194,29.112273008376906,20.68415244885833,8.306234447966732,adrb2,15230,231,1,15230,False
0.6893120253039201,0.1283414835397618,6.660018993352327,7.598049837486458,4.26924294445662,akt2,7013,117,1,7013,False
0.4931740554675768,0.009284227200545819,0.0,0.0,0.8799263958693802,aldr,9154,159,1,9154,False
0.7712134502924066,0.4955365940241069,52.324999999999996,33.310344827586206,9.160344827586206,ampc,2898,48,1,2898,False
0.9082774078308687,0.6393501112989576,47.901119402985074,36.72669814194334,13.279039140821201,andr,14615,268,1,14614,False
0.5939053986533183,0.07586327321455603,6.38615664845173,4.857076887554837,2.456214095558358,aofb,7012,122,1,7012,False
0.9354825419591748,0.6219275217752124,54.357812259947764,39.88592717775388,14.063604240282686,bace1,18380,283,1,18380,False
0.7735888366235951,0.5145705474674498,56.018704850361196,34.86496873371548,9.20961438249088,braf,10099,152,1,10099,False
0.7289493252765601,0.07090009410854153,5.664570230607966,3.4500525762355414,2.519688355443251,cah2,31652,492,1,31652,False
0.8764932657679019,0.29739085900917306,17.91612608497031,16.071550412613526,8.939799917016273,casp3,10894,199,1,10894,False
0.7464073046724142,0.39009440686239866,34.50169370654306,22.720627562845426,8.691983122362869,cdk2,28320,474,1,28320,False
0.9943271132295525,0.8713126253791383,94.85365853658537,70.5322076297686,19.45716072545341,comt,3889,41,1,3889,False
0.5368640085917714,0.014120496610165572,0.0,0.0,0.9985488126649076,cp2c9,7569,120,1,7569,False
0.5582476591246459,0.014202759969551865,0.0,1.1733333333333333,0.5876460767946577,cp3a4,11968,170,1,11968,False
0.6034013348957239,0.32670916710529674,32.29139137193937,22.723571706179555,6.981712564543891,csf1r,12309,166,1,12309,False
0.719157369348207,0.40784368686660366,47.86111111111111,31.998571428571427,6.971676300578035,cxcr4,3446,40,1,3446,False
0.9977985927517113,0.9906806482778557,56.84313725490196,56.84313725490196,19.79709263015551,def,5798,102,1,5798,False
0.5667547013165997,0.03420004623559392,1.8067033976124887,1.5132287340409167,1.5147665681202267,dhi1,19675,330,1,19675,False
0.9716156346432628,0.7664678719756105,64.6955458940684,54.73011596102986,17.37293930993412,dpp4,41459,533,1,41459,False
0.6532210935817073,0.07818544556881411,3.7411127167630056,4.364631502890173,3.1248189455388182,drd3,34518,480,1,34518,False
0.980466853605326,0.7824177779405914,68.56749311294766,55.167445887445886,18.423582151793163,dyr,17423,231,1,17423,False
0.7037659710824111,0.4470440817890961,51.26846054977403,29.322608731705294,7.8562461130229275,egfr,35584,542,1,35584,False
0.9189034910260043,0.4159295886983564,15.082979353946458,20.118855611523287,12.146596858638743,esr1,21060,382,1,21059,False
0.9845618265820288,0.9041445821000822,56.16393442622951,55.89129396784975,17.97464438349174,esr2,20556,366,1,20556,False
0.9860275336836606,0.8852311973203864,53.34833365440185,51.67414767418634,18.01795091180566,fa10,28847,537,1,28847,False
0.8879950356043848,0.5675023184849329,41.85526315789474,34.00740131578947,11.02144860584062,fa7,6362,114,1,6362,False
0.8931526357746822,0.5935970701668796,59.48936170212766,33.993920972644375,11.897872340425533,fabp4,2796,47,1,2796,False
0.6908562348102539,0.15338856982741658,9.730357142857143,7.925818181818182,4.98992673992674,fak1,5449,100,1,5449,False
0.6700178036044285,0.4931724696273173,48.02398081534772,30.709320184301994,10.641459682932387,fgfr1,8835,139,1,8835,False
0.9774976700838603,0.871168759765263,53.252252252252255,50.589639639639636,17.27100073046019,fkb1a,5911,111,1,5911,False
0.9217271335823496,0.5260778931824994,50.19897483690587,36.28689630129169,14.390786099199468,fnta,52056,592,1,52056,False
0.9991166160006919,0.9717477929063165,105.03529411764706,92.19764705882353,19.973154362416107,fpps,8928,85,1,8928,False
0.8409471777623828,0.25625261421762124,20.041639294557584,14.741537600773125,7.001137227103743,gcr,15254,257,1,15254,False
0.8530948690201181,0.6524587552103351,53.513888888888886,42.079297245963915,13.309153713298791,glcm,3853,54,1,3853,False
0.910148439225174,0.6271103186838941,50.32673267326733,38.30840845278558,13.241429548360243,grik1,6647,101,1,6647,False
0.9361012857516783,0.668091871888137,38.496685364609895,35.62471042471042,16.624864864864865,hdac2,10485,185,1,10485,False
0.9751818529862345,0.9409400992947962,62.45882352941177,61.875096206706985,18.467109781765814,hdac8,10618,170,1,10618,False
0.45692330827068084,0.001550775557983356,0.0,0.0,0.599112426035503,hivint,6750,100,1,6750,False
0.8004798127303175,0.33970916305880233,29.754797441364605,22.19109514411414,7.6829673944327945,hivpr,36283,536,1,36283,False
0.8179949924491785,0.3774535937445258,26.37467211614714,21.20906275868412,9.28800743801144,hivrt,19216,338,1,19216,False
0.9286284819105379,0.8444742013545027,52.46470588235294,52.46470588235294,15.998206278026906,hmdh,8919,170,1,8919,False
0.8726260334839349,0.7113976034223624,53.858181818181826,43.759772727272725,12.946678321678322,hs90a,4937,88,1,4937,False
0.5790379278445851,0.01689384465609071,0.0,0.0,1.3021739130434782,hxk4,4792,92,1,4792,False
0.9267763731473686,0.7500610321949053,61.17792792792793,49.054338549075396,16.195645963087824,igf1r,9448,148,1,9448,False
0.7016683518705797,0.1709724877234219,4.540697674418604,11.351744186046512,6.002956247536461,inha,2343,43,1,2343,False
0.7010543439893047,0.39985308720779306,35.56077075098815,27.336831584207896,7.678492351046698,ital,8637,138,1,8637,False
0.6942199856218627,0.30016617295282644,23.609400769653654,17.510531454875156,7.088855634299913,jak2,6607,107,1,6607,False
0.8490448024163464,0.6776213307929022,51.47290640394089,43.751970443349755,13.937506175279124,kif11,6966,116,1,6966,False
0.3789348719208969,0.09477460868028632,9.46809460062472,5.97286341628195,2.0460712908129692,kit,10609,166,1,10609,False
0.7506186518928805,0.15541313695585052,10.2,8.5,3.1438356164383565,kith,2907,57,1,2907,False
0.8548052766493256,0.7497462270866002,65.42962962962963,56.60765709529754,13.618836936483996,kpcb,8833,135,1,8833,False
0.5832783140635931,0.08744317643706362,5.20311224489796,5.221761392729134,2.665995686556434,lck,27813,420,1,27812,False
0.9285263232185685,0.5057909416223325,35.58026017424513,28.40977874238862,11.575336470073312,lkha4,9617,171,1,9617,False
0.8487960106018639,0.5365333835692702,36.71844059405941,31.41159830268741,13.435232341125488,mapk2,6246,101,1,6246,False
0.8873630332228623,0.4103353736279695,33.40183193946635,21.270034489754515,9.429984872644017,mcr,5242,93,1,5242,False
0.8495829471734238,0.6308048879186866,54.51869547154134,43.03782084861184,13.001793513810057,met,11411,166,1,11411,False
0.8354597301432954,0.6202025347439838,34.18037974683544,32.41422030702935,13.133347883020516,mk01,4629,79,1,4629,False
0.7438389827543873,0.41413007280443487,39.7966628959276,25.583569004524886,8.245850503663004,mk10,6701,104,1,6701,False
0.734188959951724,0.4037155742320744,36.49280541531945,25.028084561786038,8.303358168541184,mk14,36415,578,1,36415,False
0.9783831872273883,0.7138344106270674,57.64041514041514,46.811003811003815,16.986709954947116,mmp13,37766,572,1,37766,False
0.6348722589599534,3.0112867862265013e-05,0.0,0.0,0.0,mp2k1,8267,121,1,8267,False
0.2750970149253682,0.00010955705333229279,0.0,0.0,0.0,nos1,8140,100,1,8138,False
0.9922930294879668,0.99485403095603,64.25510204081633,64.25510204081633,19.786491739552964,nram,6297,98,1,6297,False
0.7799372364421,0.22118014184903642,15.709689487467266,11.0041928721174,5.644736336751546,pa2ga,5249,99,1,5249,False
0.9573007546826372,0.7219608434648793,53.04886521537749,44.99329679378313,15.935490270849652,parp1,30542,508,1,30541,False
0.8904979326507357,0.4663307133366216,41.59980258435032,30.32274766690596,11.251044053481436,pde5a,27927,398,1,27927,False
0.6084971371440009,0.023397274847418204,0.0,1.024895104895105,1.3323636363636364,pgh1,10992,195,1,10992,False
0.7162261397838743,0.07581408306213991,3.2133450224040523,2.98382037794662,3.078238912774317,pgh2,23563,435,1,23563,False
0.8917001099504266,0.5835436828244935,49.79679572763685,38.730841121495324,12.872967424774458,plk1,6907,107,1,6907,False
0.9821088619838546,0.7992380803892251,68.4368932038835,60.7256939696431,16.673010808878132,pnph,7049,103,1,7049,False
0.9759999789934438,0.838165720498785,51.401738565277434,50.06315162347334,17.5800182706826,ppara,19772,373,1,19772,False
0.9371737828938627,0.7467634092381218,50.38551587301587,44.5441,14.07094,ppard,12489,240,1,12489,False
0.9188680243787845,0.7582404708111792,53.27066115702479,48.10877538599526,14.246804728041514,pparg,25783,484,1,25783,False
0.8565468899403549,0.4146683197207875,30.603455631399317,22.78257252559727,9.135868681943768,prgr,15941,293,1,15941,False
0.7314557976166505,0.4914791699321751,41.420582120582125,29.14781704781705,9.690994371482176,ptn1,7379,130,1,7379,False
1.0,0.9999999999999993,55.0,55.0,19.92753623188406,pur2,2750,50,1,2750,False
0.32232660956065173,0.01883099744690934,0.0,1.2749445676274944,0.5175517551755175,pygm,4025,77,1,4025,False
0.7582347427284808,0.11088511066045958,3.581763581763582,4.477204477204477,5.585585585585585,pyrd,6560,111,1,6560,False
0.7618416543215671,0.36862735493614035,33.95192307692308,24.86619718309859,8.631844850065189,reni,7062,104,1,7062,False
0.8431555555555594,0.48317944029532617,36.0,31.0,12.0,rock1,6400,100,1,6400,False
0.9203514745455434,0.358626891579812,25.525233248515693,19.03289968820557,9.288055047844317,rxra,7081,131,1,7081,False
0.7177741880554279,0.011965418224884545,0.0,0.0,0.6334776334776334,sahh,3512,63,1,3512,False
0.4815020039938292,0.09847731054707781,9.113462873004856,5.902546704073422,2.0610687022900764,src,35020,524,1,35020,False
0.9274761358958824,0.6499886917559171,53.07723855092276,43.24812030075188,13.364870509607352,tgfr1,8628,133,1,8628,False
0.8537486153645681,0.2050672091696628,11.57843638221768,10.61356668369954,9.311758360302049,thb,7553,103,1,7553,False
0.9662043062581052,0.6562133872413598,45.755383696438116,40.073239992112015,15.347298922979284,thrb,27461,461,1,27461,False
0.9528884849445323,0.7549941976378849,55.31088299814123,48.19101567424465,15.580766133515729,try1,26424,449,1,26424,False
0.9144918650344991,0.37165049827784896,25.662508662508664,18.233887733887734,10.94033264033264,tryb1,7796,148,1,7796,False
0.7685020279270399,0.3036805721272071,10.776408912188728,17.30993218986837,9.530157541391393,tysy,6852,109,1,6852,False
0.9636321105554908,0.7107223768958421,55.70442992011619,44.63788045471214,15.90208471944999,urok,10005,162,1,10005,False
0.6600789680865828,0.466255154949615,51.24973528675664,29.773655738020523,8.261777590954317,vgfr2,25353,409,1,25353,False
0.9748523352086942,0.8896267294483424,61.27450980392157,61.27450980392157,16.835807805550335,wee1,6250,102,1,6250,False
0.9460640776698713,0.8436337875327062,52.5,51.50943396226415,15.96958174904943,xiap,5250,100,1,5250,False
