target,auroc,bedroc,ef_0.005,ef_0.01,ef_0.02,ef_0.05,n_molecules,n_actives,n_pockets,capture_max_dev
aa2ar,0.9055449361483667,0.5864587159167679,51.97366047266823,38.6879047582115,24.865193777875596,12.402764351118725,32010,482,1,0.0
abl1,0.6364929850088582,0.40072613269689744,38.21328671328671,25.657492507492506,15.080912238446485,7.904132430640657,10929,182,1,0.0
ace,0.8886939244576066,0.4130613238056582,30.44858156028369,23.721569355104734,16.109423965033812,11.484680355683254,17173,282,1,0.0
aces,0.8599070286646086,0.6186323652441548,51.88524266086785,40.383733908772975,24.71572785673537,12.22545824342089,26691,453,1,0.0
ada,0.9880220972674375,0.9156088639558636,59.60215053763441,58.53782642089094,42.41954858083891,17.580490446352595,5543,93,1,0.0
ada17,0.9886567110091403,0.8747142727474302,68.46992481203007,62.654670923885064,40.762616417587175,18.338816305307727,36426,532,1,0.0
adrb1,0.8195212821398599,0.34320062130300966,28.9608636977058,21.855558629014006,14.36800613574069,8.418437397842434,16095,247,1,0.0
adrb2,0.7898289900422991,0.3242152489104388,29.112273008376906,20.68415244885833,13.186147186147187,8.306234447966732,15230,231,1,0.0
akt2,0.6893095464731349,0.12836725178972572,6.660018993352327,7.598049837486458,5.951506334485058,4.26924294445662,7013,117,1,0.0
aldr,0.49316426666107727,0.00927331179411246,0.0,0.0,0.3128930817610063,0.8799263958693802,9154,159,1,0.0
ampc,0.7712134502924066,0.49553703288818035,52.324999999999996,33.310344827586206,17.69612068965517,9.160344827586206,2898,48,1,0.0
andr,0.9082742868913408,0.6392900292486082,47.901119402985074,36.72669814194334,25.870880240436048,13.279039140821201,14615,268,1,0.0
aofb,0.5938839848675991,0.07586388528486492,6.38615664845173,4.857076887554837,3.2610161609115216,2.456214095558358,7012,122,1,0.0
bace1,0.9354835182449968,0.621921341574127,54.357812259947764,39.88592717775388,26.11998770932555,14.063604240282686,18380,283,1,0.0
braf,0.7735742858201261,0.5145898364115584,56.018704850361196,34.86496873371548,20.39271756122981,9.20961438249088,10099,152,1,0.0
cah2,0.7289533042155779,0.070909564902646,5.664570230607966,3.4500525762355414,2.5368033648790744,2.519688355443251,31652,492,1,0.0
casp3,0.8764899767656207,0.29739997425039616,17.91612608497031,16.071550412613526,11.80254483426306,8.939799917016273,10894,199,1,0.0
cdk2,0.7464078350154624,0.39005341801224297,34.50169370654306,22.720627562845426,14.85767865514701,8.691983122362869,28320,474,1,0.0
comt,0.9943271132295525,0.8713009999041472,94.85365853658537,70.5322076297686,43.77861163227017,19.45716072545341,3889,41,1,0.0
cp2c9,0.5368662460285637,0.014120186046321185,0.0,0.0,0.8299342105263158,0.9985488126649076,7569,120,1,0.0
cp3a4,0.5582566337265223,0.014166931789272337,0.0,1.1733333333333333,0.88,0.5876460767946577,11968,170,1,0.0
csf1r,0.6034067919541312,0.3268957448997562,32.29139137193937,22.723571706179555,14.409833666650407,6.981712564543891,12309,166,1,0.0
cxcr4,0.719157369348207,0.40807555013847274,47.86111111111111,31.998571428571427,17.479710144927537,6.971676300578035,3446,40,1,0.0
def,0.9977985927517113,0.9906806482778557,56.84313725490196,56.84313725490196,49.0027045300879,19.79709263015551,5798,102,1,0.0
dhi1,0.5667594006751375,0.03420558860630431,1.8067033976124887,1.5132287340409167,1.361905860636825,1.5147665681202267,19675,330,1,0.0
dpp4,0.9716165515042352,0.7664978479160617,64.6955458940684,54.73011596102986,37.86124460317819,17.37293930993412,41459,533,1,0.0
drd3,0.6532232970014138,0.07814547635684335,3.3254335260115604,4.364631502890173,4.162807525325615,3.1248189455388182,34518,480,1,0.0
dyr,0.980467357212158,0.782469623726673,68.56749311294766,55.167445887445886,36.30737171138317,18.423582151793163,17423,231,1,0.0
egfr,0.7037661816889332,0.44707134600758813,51.26846054977403,29.322608731705294,16.505493594261786,7.8562461130229275,35584,542,1,0.0
esr1,0.9189026048374302,0.4158946381670664,15.082979353946458,20.118855611523287,20.772065209300017,12.146596858638743,21060,382,1,0.0
esr2,0.9845625032141331,0.9041335270070198,56.16393442622951,55.89129396784975,39.80550692344421,18.02927856094916,20556,366,1,0.0
fa10,0.9860288492593532,0.8852624488153926,53.34833365440185,51.67414767418634,38.63657781693664,18.01795091180566,28847,537,1,0.0
fa7,0.8879922276883078,0.5675025520304406,41.85526315789474,34.00740131578947,22.671600877192983,11.02144860584062,6362,114,1,0.0
fabp4,0.8931371562579526,0.5934760982330921,59.48936170212766,33.993920972644375,24.433130699088146,11.897872340425533,2796,47,1,0.0
fak1,0.6908618433352117,0.15336425805187526,9.730357142857143,7.925818181818182,6.498807339449542,4.98992673992674,5449,100,1,0.0
fgfr1,0.6700186309094658,0.4932675149190936,48.02398081534772,30.709320184301994,18.67333252042434,10.641459682932387,8835,139,1,0.0
fkb1a,0.9774867971419529,0.8710780038601827,53.252252252252255,50.589639639639636,38.037323037323034,17.27100073046019,5911,111,1,0.0
fnta,0.9217248688136941,0.5260456635687187,50.19897483690587,36.28689630129169,26.075932458370076,14.390786099199468,52056,592,1,0.0
fpps,0.9991179463982811,0.9718202986071472,105.03529411764706,92.19764705882353,48.116726914229375,19.973154362416107,8928,85,1,0.0
gcr,0.8409500317702792,0.2563616941019411,20.041639294557584,14.741537600773125,9.698380000508633,7.001137227103743,15254,257,1,0.0
glcm,0.8530997435972485,0.6520425888260092,53.513888888888886,42.079297245963915,31.102089268755936,13.309153713298791,3853,54,1,0.0
grik1,0.9101575143765022,0.6272012674140888,50.32673267326733,38.30840845278558,28.699918112111963,13.241429548360243,6647,101,1,0.0
hdac2,0.9360997113617543,0.6681566592060342,38.496685364609895,35.62471042471042,30.766795366795368,16.624864864864865,10485,185,1,0.0
hdac8,0.975179037924528,0.9409258308253228,62.45882352941177,61.875096206706985,44.571554819110744,18.467109781765814,10618,170,1,0.0
hivint,0.4569398496240642,0.0015636739853632671,0.0,0.0,0.0,0.599112426035503,6750,100,1,0.0
hivpr,0.8004796561573209,0.33967271859542597,29.754797441364605,22.19109514411414,13.98598433452572,7.6829673944327945,36283,536,1,0.0
hivrt,0.8179978134279828,0.37746390398479696,26.37467211614714,21.20906275868412,15.209774840544071,9.28800743801144,19216,338,1,0.0
hmdh,0.9286251201818025,0.8444356946207705,52.46470588235294,52.46470588235294,34.585672034176795,15.998206278026906,8919,170,1,0.0
hs90a,0.8726166594799227,0.7113453939520584,53.858181818181826,43.759772727272725,30.60123966942149,12.946678321678322,4937,88,1,0.0
hxk4,0.5790541165587386,0.016858199970018195,0.0,0.0,1.085144927536232,1.3021739130434782,4792,92,1,0.0
igf1r,0.9267778262133378,0.7500262090319093,61.17792792792793,49.054338549075396,32.42556842556843,16.195645963087824,9448,148,1,0.0
inha,0.7016380182002057,0.17074959299701173,4.540697674418604,11.351744186046512,8.115289460663037,6.002956247536461,2343,43,1,0.0
ital,0.7010671332177048,0.3997704516735997,35.56077075098815,26.61744127936032,14.83274692133702,7.678492351046698,8637,138,1,0.0
jak2,0.6942257368799503,0.3002341088184237,23.609400769653654,17.510531454875156,12.535239969081582,7.088855634299913,6607,107,1,0.0
kif11,0.8490347344576251,0.677545587463454,51.47290640394089,43.751970443349755,29.167980295566505,13.937506175279124,6966,116,1,0.0
kit,0.3789221811116961,0.09469051191513114,9.46809460062472,5.97286341628195,3.30049776571073,2.0460712908129692,10609,166,1,0.0
kith,0.7505940289319694,0.15525341522634825,10.2,8.5,5.186440677966102,3.1438356164383565,2907,57,1,0.0
kpcb,0.8548189025999484,0.7497200596661451,65.42962962962963,56.60765709529754,31.051349654739486,13.618836936483996,8833,135,1,0.0
lck,0.5832764887797594,0.0874201210099104,5.20311224489796,5.221761392729134,3.923352141574763,2.665995686556434,27813,420,1,0.0
lkha4,0.9285219895670211,0.5057342036317042,35.58026017424513,28.40977874238862,20.689240372087387,11.575336470073312,9617,171,1,0.0
mapk2,0.8487879544667144,0.5364593490566459,36.71844059405941,31.41159830268741,24.24190099009901,13.435232341125488,6246,101,1,0.0
mcr,0.8873922695084339,0.41056688685444026,33.40183193946635,21.270034489754515,16.104454685099846,9.429984872644017,5242,93,1,0.0
met,0.8495808043201074,0.6308395547429727,54.51869547154134,43.03782084861184,28.21681485768401,13.001793513810057,11411,166,1,0.0
mk01,0.8354486020309017,0.620636643572266,34.18037974683544,32.41422030702935,30.87260106165782,13.133347883020516,4629,79,1,0.0
mk10,0.7438418978323366,0.4141889587871265,39.7966628959276,25.583569004524886,16.70477207977208,8.245850503663004,6701,104,1,0.0
mk14,0.734187463363896,0.40372781790202206,36.837077164520586,25.028084561786038,16.679470384135254,8.303358168541184,36415,578,1,0.0
mmp13,0.9783812130763574,0.7138310614303751,57.64041514041514,46.811003811003815,31.178224553224556,16.986709954947116,37766,572,1,0.0
mp2k1,0.6348722589599534,3.0127254131099304e-05,0.0,0.0,0.0,0.0,8267,121,1,0.0
nos1,0.2750783582089503,0.00011064451730064811,0.0,0.0,0.0,0.0,8140,100,1,0.0
nram,0.9922930294879668,0.99485403095603,64.25510204081633,64.25510204081633,49.46622934888241,19.786491739552964,6297,98,1,0.0
pa2ga,0.779960772776316,0.2208788551253942,15.709689487467266,11.0041928721174,8.079268879268879,5.644736336751546,5249,99,1,0.0
parp1,0.9573005580550883,0.7219088970466854,53.04886521537749,44.99329679378313,31.2910164052734,15.935490270849652,30542,508,1,0.0
pde5a,0.890507515966348,0.4663169238298798,41.59980258435032,30.32274766690596,20.58606089481396,11.251044053481436,27927,398,1,0.0
pgh1,0.6084952372810283,0.02338012804179467,0.0,1.024895104895105,1.024895104895105,1.3323636363636364,10992,195,1,0.0
pgh2,0.7162344891201021,0.07580240234038994,3.2133450224040523,2.98382037794662,3.3281073446327682,3.078238912774317,23563,435,1,0.0
plk1,0.89169736118737,0.583370091225734,49.79679572763685,38.730841121495324,25.541921602904594,12.872967424774458,6907,107,1,0.0
pnph,0.9821144529644846,0.7993578866342335,68.4368932038835,60.7256939696431,33.97576258348826,16.673010808878132,7049,103,1,0.0
ppara,0.9760002553958508,0.8381944543167834,51.401738565277434,50.06315162347334,35.87413004034988,17.5800182706826,19772,373,1,0.0
ppard,0.9371826271532581,0.7467364237519403,50.38551587301587,44.5441,30.3899,14.07094,12489,240,1,0.0
pparg,0.9188696577363901,0.7582196268725144,53.27066115702479,48.10877538599526,30.042175187391887,14.205509641873277,25783,484,1,0.0
prgr,0.8565471080493318,0.4146525451553749,30.603455631399317,22.78257252559727,16.373008655461284,9.135868681943768,15941,293,1,0.0
ptn1,0.7314653480055637,0.4914200418371981,41.420582120582125,29.14781704781705,18.79267151767152,9.690994371482176,7379,130,1,0.0
pur2,1.0,0.9999999999999993,55.0,55.0,50.0,19.92753623188406,2750,50,1,0.0
pygm,0.3223562152133577,0.018830999345478872,0.0,1.2749445676274944,0.6453423120089787,0.5175517551755175,4025,77,1,0.0
pyrd,0.7582473153879756,0.11092661870423445,3.581763581763582,4.477204477204477,5.8203658203658195,5.585585585585585,6560,111,1,0.0
reni,0.7618305989785198,0.3684588287254899,33.95192307692308,24.86619718309859,13.867686890574216,8.631844850065189,7062,104,1,0.0
rock1,0.843147619047623,0.48343232619360155,36.0,31.0,21.0,12.0,6400,100,1,0.0
rxra,0.9203382942500851,0.3585737185568034,25.525233248515693,19.03289968820557,12.942371787979788,9.288055047844317,7081,131,1,0.0
sahh,0.7177695858472884,0.01196562402612827,0.0,0.0,0.7851553767046725,0.6334776334776334,3512,63,1,0.0
src,0.48150488075174913,0.09847317403308681,9.113462873004856,5.902546704073422,3.8135270224651805,2.0610687022900764,35020,524,1,0.0
tgfr1,0.9274770209808727,0.650011213294347,53.07723855092276,43.24812030075188,27.748793950193402,13.364870509607352,8628,133,1,0.0
thb,0.8537525249234396,0.20510486127758384,11.57843638221768,10.61356668369954,9.16626213592233,9.311758360302049,7553,103,1,0.0
thrb,0.9662067968180796,0.6562989896107135,45.755383696438116,39.85662788404654,29.026022480773022,15.347298922979284,27461,461,1,0.0
try1,0.952890114059387,0.7549811887982577,55.31088299814123,48.19101567424465,32.70723851785737,15.580766133515729,26424,449,1,0.0
tryb1,0.9144900981002009,0.37185774583605413,25.662508662508664,18.233887733887734,14.181912681912683,10.94033264033264,7796,148,1,0.0
tysy,0.7685101913367329,0.3039441834208684,10.776408912188728,17.30993218986837,17.30993218986837,9.530157541391393,6852,109,1,0.0
urok,0.9636358733348301,0.710739553546477,55.70442992011619,44.63788045471214,30.418739635157547,15.90208471944999,10005,162,1,0.0
vgfr2,0.6600735770375277,0.46621736214312576,51.24973528675664,29.773655738020523,17.571337812602277,8.261777590954317,25353,409,1,0.0
wee1,0.9748634977739153,0.8896769656601045,61.27450980392157,61.27450980392157,40.19607843137255,16.835807805550335,6250,102,1,0.0
xiap,0.9460757281553083,0.8436364762711658,52.5,51.50943396226415,34.0,15.96958174904943,5250,100,1,0.0
