auroc,bedroc,ef_0.005,ef_0.01,ef_0.05,target,checkpoint
0.7558973090482555,0.07683992893172861,0.0,5.882352941176471,4.705882352941177,ADRB2,sprint.ckpt
0.6047577017998137,0.11659273991244629,3.026801051722442,2.638037613886532,1.8918381882192654,ALDH1,sprint.ckpt
0.6426183253416681,0.009395927266890265,0.0,0.0,0.9084415584415584,ESR1_ago,sprint.ckpt
0.5775998715865104,0.04444601682317315,1.7498267498267497,2.676205617382088,1.438592742940569,ESR1_ant,sprint.ckpt
0.383600414517021,0.009633686950128752,1.5871722119614193,1.3226435099678495,0.31745228681537635,FEN1,sprint.ckpt
0.7157408873775609,0.08264284692450943,8.13453692370461,8.71851674528487,5.116244525988698,GBA,sprint.ckpt
0.6623657188787392,0.06684751520646888,5.126619377309604,10.25607035880441,3.5896246255815436,IDH1,sprint.ckpt
0.3985404408104742,0.010606658962033907,2.9551735436344737,1.4775867718172369,0.3940683304735652,KAT2A,sprint.ckpt
0.32276653431090213,0.021750362628480534,2.5211356466876973,2.205993690851735,0.757061705154075,MAPK1,sprint.ckpt
0.4033506717977262,0.0017238426526533332,0.0,0.0,0.6183510140989043,MTORC1,sprint.ckpt
0.6789920414906416,0.03418455945897406,0.0,4.165740397678152,3.3333333333333335,OPRK1,sprint.ckpt
0.5422181152686062,0.024342803737297143,2.9288436989493043,2.3806524641551055,1.3552507716600695,PKM2,sprint.ckpt
0.4412506400409574,0.003975086185018862,0.0,0.0,0.666412213740458,PPARG,sprint.ckpt
0.4109490026482638,0.023412705488498223,0.0,0.0,1.0095679562607713,TP53,sprint.ckpt
0.6229893144883326,0.10019011542954273,11.530133886318144,9.35726242114197,5.092377490873227,VDR,sprint.ckpt
