auroc,bedroc,ef_0.005,ef_0.01,ef_0.05,target,n_pockets,per_type_uncentered_target,checkpoint
0.6430765280756768,0.021340984320056853,0.41467842323651455,0.8293568464730291,1.2448132780082988,aa2ar,1,False,sprint.ckpt
0.6020129135706928,0.06726462445669015,3.2751248751248756,3.8209790209790206,2.8540088796030294,abl1,1,False,sprint.ckpt
0.7516792441718908,0.08498888588741915,2.1204849084611577,3.5341415141019294,4.038312751078709,ace,1,False,sprint.ckpt
0.44253471753262885,0.01984326463407736,1.3188692300088958,1.1031740126166796,0.5295235260560062,aces,1,False,sprint.ckpt
0.398116668279977,0.016177558374317336,1.5013219862843923,0.7506609931421961,0.41331774154859097,ada17,1,False,sprint.ckpt
0.5905828631868925,0.09135643587557164,4.25652841781874,4.25652841781874,2.7866481008741397,ada,1,False,sprint.ckpt
0.5660983180568112,0.030791831205392174,3.216674164042585,1.6183267533381949,0.8900797143360072,adrb1,1,False,sprint.ckpt
0.5537779102108977,0.019178780032600682,1.7118119975262833,1.292250233426704,0.6919135108111486,adrb2,1,False,sprint.ckpt
0.39652424006060666,0.008331642825749774,0.0,0.0,0.614297728497477,akt1,1,False,sprint.ckpt
0.48243789996294095,0.03586820961862636,1.664292497625831,1.6877332370290117,0.8534833321158107,akt2,1,False,sprint.ckpt
0.43172412346481925,0.033236031804184316,0.0,2.50314465408805,1.0056301667078629,aldr,1,False,sprint.ckpt
0.6250147128060178,0.006510223731558065,0.0,0.0,0.8333333333333334,ampc,1,False,sprint.ckpt
0.4608434304831778,0.007401495074664503,0.0,0.0,0.3715437934489089,andr,1,False,sprint.ckpt
0.3421454027084853,0.017333939733935697,1.598816029143898,0.8106672823828215,0.49054582712369593,aofb,1,False,sprint.ckpt
0.4154978657869428,0.0016583989368343524,0.0,0.0,0.2118180385039815,bace1,1,False,sprint.ckpt
0.3428947103728003,0.0017478890191683708,0.0,0.0,0.1315007816571131,braf,1,False,sprint.ckpt
0.5560969211818418,0.06004970865488598,6.872539244260367,3.447109589392424,1.137671774947838,cah2,1,False,sprint.ckpt
0.7819085137622319,0.15738902015991085,3.980264961169484,7.531464662763359,5.924752201373842,casp3,1,False,sprint.ckpt
0.6447970726426471,0.07545253393964915,4.625661139834789,3.784631841683009,2.741066533171232,cdk2,1,False,sprint.ckpt
0.6331638862126802,0.044689066987203,4.742682926829268,2.432145090681676,3.4050031269543464,comt,1,False,sprint.ckpt
0.6586187214612129,0.050916665517812605,1.6592105263157895,3.318421052631579,1.9963060686015832,cp2c9,1,False,sprint.ckpt
0.6205009674266617,0.053273809236006504,1.1731372549019607,2.9328431372549018,2.3501914956299714,cp3a4,1,False,sprint.ckpt
0.35973673165858244,0.006759147833854948,1.1959774582199767,0.5979887291099883,0.12037435456110156,csf1r,1,False,sprint.ckpt
0.6870008807985911,0.014260960942186431,0.0,0.0,2.489884393063584,cxcr4,1,False,sprint.ckpt
0.6380965658735474,0.0017697732515786194,0.0,0.0,0.19601081812035157,def,1,False,sprint.ckpt
0.6668349471969015,0.032211091719064326,1.8062442607897151,0.9077065066912782,1.5749568859324958,dhi1,1,False,sprint.ckpt
0.5128497532637204,0.011995467215247115,0.3738634723625343,0.3747643481995524,0.4501510984162497,dpp4,1,False,sprint.ckpt
0.6918994204729297,0.1394569178547149,10.802649325626204,8.101986994219653,4.372718713789108,drd3,1,False,sprint.ckpt
0.6875462336149497,0.07731803478073415,3.424045651318379,4.734965986394558,3.4594261459933104,dyr,1,False,sprint.ckpt
0.817308823002598,0.10123899347771985,6.6349765744848455,5.160537335710436,4.794621133395146,egfr,1,False,sprint.ckpt
0.642987446564178,0.09718659235288787,4.665599290605448,3.9064259463205175,4.018214773654287,esr1,1,False,sprint.ckpt
0.7362775311423272,0.19826078955146376,14.677468850030422,9.513174254649348,6.045809964058143,esr2,1,False,sprint.ckpt
0.451593795626662,0.023830047091449657,1.858581475655837,0.9292907378279185,0.521415270018622,fa10,1,False,sprint.ckpt
0.4949377045496071,0.01479284461751068,0.0,0.8715734649122807,0.5262330354187355,fa7,1,False,sprint.ckpt
0.45983452396616253,6.855911509931738e-07,0.0,0.0,0.0,fabp4,1,False,sprint.ckpt
0.7271140186915932,0.12496081542106582,5.839285714285714,5.945454545454545,5.190476190476191,fak1,1,False,sprint.ckpt
0.515853296744048,0.7294164693573371,1.13189448441247,1.358273381294964,1.0611510791366907,fgfr1,1,False,sprint.ckpt
0.6357642124883518,0.0008046888353490082,0.0,0.0,0.0,fkb1a,1,False,sprint.ckpt
0.39693305253531713,0.014766735621601221,1.3467432950191571,1.180662188099808,0.5065814757878555,fnta,1,False,sprint.ckpt
0.44708416125461176,5.829725466360114e-07,0.0,0.0,0.0,fpps,1,False,sprint.ckpt
0.5983354490030305,0.07893433753548615,7.673411859458371,5.020317170795967,1.5487620266796713,gcr,1,False,sprint.ckpt
0.4077388786522781,0.044013545653423046,3.5675925925925926,3.6590693257359925,0.7393974285165995,glcm,1,False,sprint.ckpt
0.5431596143476953,0.021742661890287885,0.0,0.6323839662447258,1.644198312236287,gria2,1,False,sprint.ckpt
0.5978144324284309,0.031244509804659988,3.871869539895166,1.9648293187527708,1.1859780572651861,grik1,1,False,sprint.ckpt
0.219302320088804,2.451555861485698e-05,0.0,0.0,0.0,hdac2,1,False,sprint.ckpt
0.26160030627871445,0.001211500507680538,0.0,0.0,0.11762490306857205,hdac8,1,False,sprint.ckpt
0.6580885009030517,0.12711210647137025,7.934117647058823,6.942352941176471,3.9905325443786985,hivint,1,False,sprint.ckpt
0.6023288588160852,0.03399700357226858,1.485320649499754,1.4894124419226182,1.7156601100457975,hivpr,1,False,sprint.ckpt
0.42848241573319806,0.020202916336063352,2.3445373025071676,1.4729282276113682,0.2958118084588908,hivrt,1,False,sprint.ckpt
0.6338206699813415,0.05316012011505011,4.660392156862745,2.3301960784313724,1.880875758375099,hmdh,1,False,sprint.ckpt
0.4074923117311742,0.00522461920497028,0.0,0.0,0.45417740154582265,hs90a,1,False,sprint.ckpt
0.21984945559588284,0.0065678199411325485,0.0,0.0,0.21684782608695652,hxk4,1,False,sprint.ckpt
0.23509382808704746,0.012805839906304973,1.328688063063063,0.6713371266002844,0.2702416399450298,igf1r,1,False,sprint.ckpt
0.6348837209302352,0.021707847331119804,0.0,0.0,2.3088293259755615,inha,1,False,sprint.ckpt
0.4630748134828527,0.0025588039575193105,0.0,0.0,0.28935185185185186,ital,1,False,sprint.ckpt
0.6135978070838187,0.03109799381752088,1.8147333699835075,0.9209094713349142,1.6776689160572604,jak2,1,False,sprint.ckpt
0.4830103931679035,0.02521998835096495,1.715270935960591,0.8576354679802956,0.6880743009584033,kif11,1,False,sprint.ckpt
0.4707940597462164,0.026470353621624254,1.1839580544399821,1.7925346244792253,1.2040251401084565,kit,1,False,sprint.ckpt
0.611819021237296,0.12093943427671948,6.800000000000001,5.1,3.8424657534246576,kith,1,False,sprint.ckpt
0.45474169521567537,1.000304264960624e-05,0.0,0.0,0.0,kpcb,1,False,sprint.ckpt
0.6320947579733679,0.07473712077547424,4.760877012675573,4.998920863309353,2.57087358684481,lck,1,False,sprint.ckpt
0.4376018192531872,0.01690547206926964,2.2959780403389423,1.1598239585217338,0.23389381284118124,lkha4,1,False,sprint.ckpt
0.3327373732980912,0.029736603571243487,1.933168316831683,0.9819267641049819,1.1858412678328536,mapk2,1,False,sprint.ckpt
0.5072954825478989,0.0007126382541195412,0.0,0.0,0.2127659574468085,mcr,1,False,sprint.ckpt
0.6557116365819377,0.09029994797287888,5.923348566680515,4.779884756416973,3.0083556643386156,met,1,False,sprint.ckpt
0.3774812687173652,2.2273475056702295e-07,0.0,0.0,0.0,mk01,1,False,sprint.ckpt
0.35544138389266855,0.011011537047399747,0.0,0.9478223981900453,0.19182119963369965,mk10,1,False,sprint.ckpt
0.3250719145354694,0.0017455034974345426,0.0,0.0,0.10377200654017263,mk14,1,False,sprint.ckpt
0.5134939738384814,0.02360063054530007,1.046120546120546,0.699263601120365,0.9789690415685111,mmp13,1,False,sprint.ckpt
0.7874256812070245,0.2943356419178863,17.8961038961039,17.28845962361844,8.912684153790874,mp2k1,1,False,sprint.ckpt
0.389478260869565,0.016455782190069903,1.9878048780487805,0.9939024390243902,0.5992647058823529,nos1,1,False,sprint.ckpt
0.41977639579787135,0.03131734474408205,2.00797193877551,2.0398445092322643,0.6119533527696792,nram,1,False,sprint.ckpt
0.7152912726173885,0.0458069747903492,0.0,1.999237659615018,3.424549679302531,pa2ga,1,False,sprint.ckpt
0.35668334449705125,0.009095738521677096,0.7859348463794966,0.5894511347846225,0.23608906707342212,parp1,1,False,sprint.ckpt
0.5692225160539726,0.048696334971960326,3.5074120603015078,2.75582376166547,1.7587309757958847,pde5a,1,False,sprint.ckpt
0.49986202245163647,0.04853316440606315,3.074685314685315,3.074685314685315,1.1273846153846154,pgh1,1,False,sprint.ckpt
0.42476419019794903,0.01792391150294889,1.8367426456263394,0.9183713228131697,0.32170259230011794,pgh2,1,False,sprint.ckpt
0.7856847234692911,0.24584609196952525,18.43524699599466,12.904672897196262,6.713413645940252,plk1,1,False,sprint.ckpt
0.5308681986449597,0.07533813989987019,3.8042071197411,5.786681252563927,2.5217690255507574,pnph,1,False,sprint.ckpt
0.2998980025452279,0.0033436380051485737,0.0,0.0,0.16076827171459537,ppara,1,False,sprint.ckpt
0.5721985873626184,0.016309774194679008,0.8242724867724868,0.4154333333333333,1.331517094017094,ppard,1,False,sprint.ckpt
0.40627061534515496,0.009501978438878123,0.41226215644820297,0.20613107822410148,0.5371900826446281,pparg,1,False,sprint.ckpt
0.6540180392947151,0.03741862259713499,1.359641638225256,2.379372866894198,1.5694734092437084,prgr,1,False,sprint.ckpt
0.5632536454295464,0.04782163354852524,3.0656964656964654,2.2992723492723495,1.844402751719825,ptn1,1,False,sprint.ckpt
0.23153674832962035,2.4839844042375175e-19,0.0,0.0,0.0,pur2,1,False,sprint.ckpt
0.4013448480453539,0.00047300595049303956,0.0,0.0,0.2595464237255282,pygm,1,False,sprint.ckpt
0.6779090601616327,0.017517313289933677,0.0,0.0,0.9004889035376841,pyrd,1,False,sprint.ckpt
0.47072941436708793,0.004424288028959445,0.0,0.0,0.7691218130311614,reni,1,False,sprint.ckpt
0.3228600921073546,0.021249334822819328,1.9990625,1.9990625,0.3998125,rock1,1,False,sprint.ckpt
0.762134762819389,0.11502656800489491,5.9932145886344355,4.558219546285345,4.418726010264373,rxra,1,False,sprint.ckpt
0.6573084886128221,0.017600085181126525,0.0,0.0,1.5841450216450217,sahh,1,False,sprint.ckpt
0.4713306202716733,0.01177163494317237,0.38143947655398036,0.5721592148309705,0.4579890799104395,src,1,False,sprint.ckpt
0.4286899880909532,0.017953272746573642,1.4748803827751196,0.7459165154264973,1.3519736842105263,tgfr1,1,False,sprint.ckpt
0.6366523447234478,0.011940017322335317,0.0,0.0,0.7750552216571635,thb,1,False,sprint.ckpt
0.5957740737604057,0.049395799307196016,2.15418592222327,2.5944231906921713,1.6479286617270354,thrb,1,False,sprint.ckpt
0.44731150303050765,0.0280294906227834,3.113670108658973,1.5568350543294864,0.7122355972585022,try1,1,False,sprint.ckpt
0.47808010155909253,0.021622979893378417,1.3497920997920998,1.3497920997920998,0.8098752598752599,tryb1,1,False,sprint.ckpt
0.4097600627415071,0.007687395616940192,0.0,0.0,0.36627704817182444,tysy,1,False,sprint.ckpt
0.37840177338196346,0.009584774493551856,1.2107237956911159,0.6113555800024447,0.49298932998201134,urok,1,False,sprint.ckpt
0.6411606227293499,0.032209759076930355,0.975492366632655,0.975492366632655,2.004494377685965,vgfr2,1,False,sprint.ckpt
0.8600804342556695,0.05925564258369238,0.0,2.917833800186741,4.698364968990791,wee1,1,False,sprint.ckpt
0.8702079689018636,0.44760004892638056,23.311111111111114,21.77169811320755,11.76634980988593,xiap,1,False,sprint.ckpt
