auroc,bedroc,ef_0.005,ef_0.01,ef_0.05,target,n_molecules,n_actives,n_pockets,code_length,projection,n_distinct_scores,per_type_uncentered_target
0.2613592801387108,0.00020358291131069054,0.0,0.0,0.04149377593360996,aa2ar,31980,482,1,1024,none,942,False
0.31299149389601477,0.005323742464936321,0.0,0.5458541458541458,0.1097695722924242,abl1,10928,182,1,1024,none,969,False
0.5505401176143877,0.030626382174109068,2.1204849084611577,1.413656605640772,1.2752566582353815,ace,17142,282,1,1024,none,952,False
0.49573380814099516,0.05030203104867745,2.19811538334816,2.6476176302800307,2.0739671437193574,aces,26686,453,1,1024,none,975,False
0.3815517101885212,0.0006222920761642244,0.0,0.0,0.0,ada,5542,93,1,1024,none,910,False
0.5851817296319753,0.031271702123916854,1.5013219862843923,1.6889872345699413,1.5405479457720208,ada17,36341,532,1,1024,none,981,False
0.44316062411863294,0.0058140557620061225,0.0,0.0,0.647330701335278,adrb1,16089,247,1,1024,none,956,False
0.41217734221136304,0.003771512353794393,0.0,0.0,0.43244594425696786,adrb2,15224,231,1,1024,none,963,False
0.2241651356855795,9.060615718931131e-05,0.0,0.0,0.0,akt1,16719,293,1,1024,none,962,False
0.31165148341994675,0.003020544065399538,0.0,0.0,0.17069666642316214,akt2,7010,117,1,1024,none,958,False
0.406277421768209,0.007970133333359044,0.0,0.6257861635220126,0.5028150833539314,aldr,9154,159,1,1024,none,940,False
0.6869924081920861,0.04977440881722516,0.0,0.0,2.9166666666666665,ampc,2880,48,1,1024,none,842,False
0.477286304965397,0.0007519654412364207,0.0,0.0,0.22292627606934534,andr,14612,269,1,1024,none,953,False
0.3131872178664793,0.0065513811861573085,0.0,0.0,0.32703055141579734,aofb,7022,122,1,1024,none,952,False
0.5215422621095129,0.0027718775449611056,0.0,0.0,0.2118180385039815,bace1,18363,283,1,1024,none,980,False
0.33774510582430783,0.010094504309891585,1.3021155830753353,0.6575039082855654,0.2630015633142262,braf,10094,152,1,1024,none,966,False
0.5632848082407175,0.031272193216448724,1.6170680574730276,1.2166269139032084,1.5033519883239288,cah2,31625,492,1,1024,none,948,False
0.48121123763223317,0.03723867623482547,0.995066240292371,1.5062929325526717,1.3054538748789821,casp3,10891,199,1,1024,none,933,False
0.3916640513303266,0.030693257795493156,1.68205859630356,1.4718012717656148,0.8434050871296097,cdk2,28304,474,1,1024,none,963,False
0.16041909639470592,7.295505768506798e-18,0.0,0.0,0.0,comt,3889,41,1,1024,none,905,False
0.3911484913600146,0.004171438709401539,0.0,0.0,0.1663588390501319,cp2c9,7566,120,1,1024,none,907,False
0.4110221809985312,0.01072626625029492,0.0,0.5865686274509804,0.47003829912599426,cp3a4,11966,170,1,1024,none,931,False
0.26274396771802866,0.0018436123804255243,0.0,0.0,0.36112306368330466,csf1r,12309,166,1,1024,none,965,False
0.4985980622430995,0.014846374296875946,0.0,0.0,0.9959537572254336,cxcr4,3446,40,1,1024,none,860,False
0.619163430821763,0.09820896604287589,9.800540906017579,4.9002704530087895,2.744151453684922,def,5798,102,1,1024,none,934,False
0.7273150324339485,0.03758669165590755,2.4083256810529536,1.512844177818797,1.9989837398373982,dhi1,19670,330,1,1024,none,970,False
0.5242476107631198,0.011605286535808517,1.1215904170876028,0.5621465222993286,0.637714056089687,dpp4,41448,533,1,1024,none,959,False
0.394096405757064,0.0022018306258653622,0.0,0.0,0.20822470065662418,drd3,34502,480,1,1024,none,974,False
0.2586498145612998,0.006921423723098335,0.0,0.4304514533085962,0.25945696094949827,dyr,17401,231,1,1024,none,933,False
0.20954283372073973,0.002993667391204535,0.3686098096936026,0.1843049048468013,0.073763402052233,egfr,35562,542,1,1024,none,971,False
0.3295355568643668,0.0011857787008834673,0.0,0.0,0.10436921490011133,esr1,21046,383,1,1024,none,970,False
0.3162493786110419,0.003363372024144977,0.0,0.27180497870426706,0.10893351286591249,esr2,20549,367,1,1024,none,957,False
0.44939650872632403,0.01215858259847892,0.0,0.3717162951311674,0.6703910614525139,fa10,20560,537,1,1024,none,973,False
0.4592052589439889,0.05089799553816828,3.486293859649123,2.614720394736842,1.2278770826437162,fa7,6359,114,1,1024,none,961,False
0.6078574026918898,0.02383032284489616,0.0,0.0,2.1246200607902734,fabp4,2796,47,1,1024,none,842,False
0.316740186915885,0.013267687976196308,1.9464285714285714,0.990909090909091,0.19963369963369965,fak1,5450,100,1,1024,none,933,False
0.41298301564933626,0.37207986599675363,0.565947242206235,0.679136690647482,0.8489208633093526,fgfr1,472,278,1,1024,none,283,False
0.758227710469077,0.1655235566207595,5.325225225225226,9.762912912912913,5.577093985877769,fkb1a,5911,111,1,1024,none,954,False
0.4435740523724194,0.01996682349607963,1.0100574712643677,1.180662188099808,0.9118466564181399,fnta,52022,592,1,1024,none,984,False
0.5960193100137409,0.05709976918876555,2.328627450980392,3.492941176470588,2.349512002110261,fpps,8907,85,1,1024,none,934,False
0.5361673479226786,0.014091970674001732,0.7673411859458371,0.3861782439073821,0.7743810133398357,gcr,15244,258,1,1024,none,986,False
0.620460550047286,0.009998949515869956,0.0,0.0,1.1090961427748993,glcm,3853,54,1,1024,none,885,False
0.34746525192355043,0.011389440630545915,1.2647679324894516,0.6323839662447258,0.5059071729957806,gria2,11990,158,1,1024,none,949,False
0.41328429467353994,0.009494741258455192,0.0,0.0,0.5929890286325931,grik1,6648,101,1,1024,none,925,False
0.2915638621435268,0.006539702869067494,0.0,0.5397168597168597,0.10794337194337195,hdac2,10484,185,1,1024,none,957,False
0.28352062877218337,0.007165633477259829,1.156644880174292,0.5837273227047829,0.11762490306857205,hdac8,10618,170,1,1024,none,953,False
0.4390502709211319,0.03048166139730176,1.9835294117647058,0.9917647058823529,1.3966863905325442,hivint,6744,100,1,1024,none,940,False
0.6876087890238911,0.048684769311539616,2.970641298999508,2.2341186628839274,1.8648479457019538,hivpr,36224,536,1,1024,none,994,False
0.42527779684450107,0.010898179716125654,0.5861343256267919,0.2945856455222736,0.354974170150669,hivrt,19217,338,1,1024,none,950,False
0.4126541569389961,0.007187335161179143,0.0,0.5825490196078431,0.47021893959377475,hmdh,8913,170,1,1024,none,921,False
0.2938278202820278,2.127188822732824e-12,0.0,0.0,0.0,hs90a,4936,88,1,1024,none,935,False
0.3616468224575962,9.843582680417713e-06,0.0,0.0,0.0,hxk4,4788,92,1,1024,none,929,False
0.18978188715031147,0.020050501361896254,2.657376126126126,1.3426742532005689,0.40536245991754466,igf1r,9439,148,1,1024,none,975,False
0.5386956521739144,0.019970923108923434,0.0,0.0,1.8470634607804493,inha,2343,43,1,1024,none,794,False
0.4879022136157122,0.0051653367522383935,0.0,0.0,0.28935185185185186,ital,8625,138,1,1024,none,980,False
0.281821386688542,0.021291072325434604,1.8147333699835075,1.8418189426698284,0.3728153146793912,jak2,6602,107,1,1024,none,942,False
0.4355802348533639,0.005567135616045875,0.0,0.0,0.34403715047920164,kif11,6964,116,1,1024,none,952,False
0.35933184254198514,0.004636497258812608,0.0,0.0,0.2408050280216913,kit,10613,166,1,1024,none,972,False
0.4082856263465636,1.7018977968912912e-05,0.0,0.0,0.0,kith,2907,57,1,1024,none,860,False
0.46325782754683026,0.0011312252363122482,0.0,0.0,0.14793028322440085,kpcb,8827,135,1,1024,none,972,False
0.3321512070891153,0.01529326484182832,0.9521754025351148,0.714131551901336,0.5236964713943131,lck,27794,420,1,1024,none,979,False
0.49872246237948525,0.025538678095670272,1.1479890201694711,1.1598239585217338,0.8186283449441345,lkha4,9619,171,1,1024,none,966,False
0.17675369293884,2.038951646524086e-13,0.0,0.0,0.0,mapk2,6248,101,1,1024,none,924,False
0.5148121656151095,0.0005463682968750588,0.0,0.0,0.0,mcr,5240,94,1,1024,none,928,False
0.33226000085751695,0.0020349440691400465,0.0,0.0,0.2406684531470892,met,11406,166,1,1024,none,976,False
0.442138984447186,1.299588497771341e-08,0.0,0.0,0.0,mk01,4627,79,1,1024,none,916,False
0.3699365871285833,0.0007530789443193057,0.0,0.0,0.19182119963369965,mk10,6703,104,1,1024,none,951,False
0.40930458620033633,0.009572188396474647,0.3459066884672421,0.3459066884672421,0.6226320392410358,mk14,36388,578,1,1024,none,985,False
0.6204258489987912,0.03981982489145812,2.440947940947941,1.5733431025208213,1.8530485429689674,mmp13,37698,572,1,1024,none,975,False
0.3912934538597075,0.032414611479802465,1.6269185360094451,1.646519964154137,0.8252485327584141,mp2k1,8268,121,1,1024,none,969,False
0.32691428571428094,0.004193792256413629,0.0,0.0,0.5992647058823529,nos1,8150,100,1,1024,none,936,False
0.6172094906683379,0.09114484149456531,6.0239158163265305,6.119533527696793,1.6318756073858114,nram,6297,98,1,1024,none,925,False
0.44486842776777274,0.051494877709023515,0.0,2.9988564894225274,1.410108691477513,pa2ga,5245,99,1,1024,none,891,False
0.35880069053295943,0.007704556006456129,0.0,0.19648371159487416,0.47217813414684423,parp1,30543,508,1,1024,none,970,False
0.3454688507396511,0.006357311401220551,0.0,0.5010588657573583,0.20099782580524397,pde5a,27919,398,1,1024,none,970,False
0.4814058036064406,0.03201133233051148,2.04979020979021,1.5373426573426574,1.024895104895105,pgh1,10992,195,1,1024,none,941,False
0.394058462448051,0.015875092979653154,0.45918566140658484,0.9183713228131697,0.5974476714145048,pgh2,23570,435,1,1024,none,959,False
0.39324523325986555,0.01704871911795637,1.843524699599466,0.921762349799733,0.37296742477445843,plk1,6904,107,1,1024,none,951,False
0.11367744639240143,2.866581244669731e-20,0.0,0.0,0.0,pnph,7053,103,1,1024,none,929,False
0.43048244629897847,0.01122902571871654,0.5342703171121402,0.8014054756682103,0.32153654342919075,ppara,19729,373,1,1024,none,983,False
0.3583851482178381,0.0008457513546988957,0.0,0.0,0.24965945512820514,ppard,12463,240,1,1024,none,977,False
0.4106403322539158,0.01272613255321693,0.8245243128964059,0.8245243128964059,0.371900826446281,pparg,25740,484,1,1024,none,982,False
0.4623327498862203,0.021074009241173246,2.039462457337884,1.019731228668942,0.6823797431494384,prgr,15935,293,1,1024,none,939,False
0.4678416295840048,0.004986926002050607,0.0,0.0,0.30740045861997084,ptn1,7373,130,1,1024,none,940,False
0.30270230141054133,0.0020419156087688344,0.0,0.0,0.39768115942028986,pur2,2744,50,1,1024,none,833,False
0.5728030852396345,0.006767377584113068,0.0,0.0,1.297732118627641,pygm,4017,77,1,1024,none,902,False
0.2605876121234517,0.0038718039563174784,0.0,0.0,0.36019556141507364,pyrd,6557,111,1,1024,none,936,False
0.485829231875248,0.0013578370991013107,0.0,0.0,0.19228045325779036,reni,7059,104,1,1024,none,967,False
0.3033380975067502,0.002649912379527214,0.0,0.0,0.19990625,rock1,6397,100,1,1024,none,926,False
0.5600576784426863,0.06339120407638575,2.9966072943172177,3.038813030856897,2.4379177987665503,rxra,7066,131,1,1024,none,964,False
0.2285024154589361,1.2081210266405997e-05,0.0,0.0,0.0,sahh,3513,63,1,1024,none,887,False
0.30146794907868196,0.002581561302380957,0.0,0.19071973827699018,0.11449726997760988,src,34978,524,1,1024,none,985,False
0.13933928726263836,3.169969459330422e-11,0.0,0.0,0.0,tgfr1,8631,133,1,1024,none,932,False
0.6246250438726391,0.12185535251412596,13.492079713847726,6.746039856923863,3.100220886628654,thb,7544,103,1,1024,none,931,False
0.5837596115858399,0.040117870507496114,2.585023106667924,1.9458173930191283,1.4310959430787413,thrb,27409,461,1,1024,none,957,False
0.5375837123065719,0.012358611603469152,0.4448100155227104,0.4448100155227104,0.7122355972585022,try1,26363,449,1,1024,none,972,False
0.6101599768026572,0.04165895153380348,4.049376299376299,2.0246881496881497,0.9448544698544697,tryb1,7791,148,1,1024,none,929,False
0.2867591995011178,3.7713763343765383e-06,0.0,0.0,0.0,tysy,6847,109,1,1024,none,938,False
0.44074738966856347,0.010429399145670133,0.0,0.6113555800024447,0.9859786599640227,urok,10003,162,1,1024,none,957,False
0.2592491378392066,0.01024224696534331,0.975492366632655,0.4877461833163275,0.19556042709131363,vgfr2,25335,409,1,1024,none,970,False
0.43154158215009575,0.023418534192243247,1.914828431372549,0.9726112667289137,0.9788260352064149,wee1,6250,102,1,1024,none,952,False
0.6442662779397479,0.056085615334693514,1.9425925925925926,2.9688679245283023,1.3960076045627376,xiap,5245,100,1,1024,none,894,False
