auroc,bedroc,ef_0.005,ef_0.01,ef_0.05,target,n_molecules,n_actives,n_pockets,code_length,tie_break,head,projection,n_distinct_scores,per_type_uncentered_target
0.7067050163760288,0.05809288008985619,2.902748962655602,2.6954097510373445,2.7385892116182573,aa2ar,31980,482,1,64,random,none,truncate,23,True
0.4485031997594785,0.016257330847640042,1.0917082917082916,0.5458541458541458,0.7683870060469694,abl1,10928,182,1,64,random,none,truncate,21,True
0.6097170692309793,0.043710381309949066,2.827313211281544,2.1204849084611577,1.6294946188563209,ace,17142,282,1,64,random,none,truncate,20,True
0.5835485678562943,0.06506086616371946,2.6377384600177916,3.3095220378500385,2.3387289067473604,aces,26686,453,1,64,random,none,truncate,23,True
0.44626122579462,0.0002353142830817731,0.0,0.0,0.0,ada,5542,93,1,64,random,none,truncate,19,True
0.44207671780754665,0.008927578731343656,0.37533049657109807,0.37533049657109807,0.48846642183015293,ada17,36341,532,1,64,random,none,truncate,23,True
0.5163921354959131,0.029703085596007234,1.6083370820212926,1.213745065003646,1.294661402670556,adrb1,16089,247,1,64,random,none,truncate,19,True
0.4974286701759618,0.04205330228394088,2.5677179962894248,2.584500466853408,1.7297837770278714,adrb2,15224,231,1,64,random,none,truncate,21,True
0.45751657345031305,0.010300579500120949,0.0,0.33965138956606533,0.9555742443294086,akt1,16719,293,1,64,random,none,truncate,20,True
0.5630994406563999,0.018446703880409848,1.664292497625831,0.8438666185145058,0.6827866656926486,akt2,7010,117,1,64,random,none,truncate,22,True
0.4705423348401024,0.08432574860651339,8.761006289308176,4.380503144654088,2.0112603334157257,aldr,9154,159,1,64,random,none,truncate,19,True
0.4768420433144994,0.009425879597066481,0.0,0.0,0.8333333333333334,ampc,2880,48,1,64,random,none,truncate,18,True
0.4548166314047245,0.007768536011543403,0.7340500351652768,0.36952178640973116,0.3715437934489089,andr,14612,269,1,64,random,none,truncate,26,True
0.30381444523639983,0.004272991918566758,0.0,0.0,0.6540611028315947,aofb,7022,122,1,64,random,none,truncate,18,True
0.543186348853955,0.008222345096792831,0.0,0.3526463358426794,0.9884841796852472,bace1,18363,283,1,64,random,none,truncate,26,True
0.5920635739923104,0.04465843237684556,2.6042311661506705,2.6300156331422615,1.4465085982282437,braf,10094,152,1,64,random,none,truncate,23,True
0.5561094559167908,0.023832143022281677,0.8085340287365138,1.2166269139032084,1.1783029097674036,cah2,31625,492,1,64,random,none,truncate,19,True
0.7673773844906714,0.2431648059563456,12.935861123800821,11.548245816237149,6.928947489742289,casp3,10891,199,1,64,random,none,truncate,16,True
0.5023553188360406,0.06513374327122844,3.36411719260712,3.1538598680691745,2.3193639896064266,cdk2,28304,474,1,64,random,none,truncate,22,True
0.6978728259216104,0.11523897265417318,9.485365853658536,7.296435272045027,4.864290181363352,comt,3889,41,1,64,random,none,truncate,19,True
0.6262848061598965,0.060432484253925764,3.318421052631579,4.1480263157894735,2.3290237467018473,cp2c9,7566,120,1,64,random,none,truncate,24,True
0.586978138152511,0.04698009520151152,3.519411764705882,2.9328431372549018,2.46770107041147,cp3a4,11966,170,1,64,random,none,truncate,22,True
0.5603104173260597,0.018236650440919752,0.0,0.5979887291099883,1.925989672977625,csf1r,12309,166,1,64,random,none,truncate,22,True
0.5174618320610641,0.017416152630702564,0.0,0.0,0.9959537572254336,cxcr4,3446,40,1,64,random,none,truncate,23,True
0.49003772857457173,0.01907631829430483,1.960108181203516,0.980054090601758,0.5880324543610548,def,5798,102,1,64,random,none,truncate,22,True
0.5903066340760242,0.0004255305539612624,0.0,0.0,0.06057526484355752,dhi1,19670,330,1,64,random,none,truncate,23,True
0.5857164179891429,0.03089315396261885,2.2431808341752055,1.4990573927982096,1.6880666190609364,dpp4,41448,533,1,64,random,none,truncate,20,True
0.5836728195481132,0.08326824191788386,5.816811175337187,4.985838150289017,2.7485660486674393,drd3,34502,480,1,64,random,none,truncate,23,True
0.563421552239262,0.030101811025199432,1.7120228256591894,1.2913543599257884,1.9891700339461535,dyr,17401,231,1,64,random,none,truncate,19,True
0.7103937444287183,0.12146632218284716,8.109415813259256,7.1878912890252495,3.909460308768349,egfr,35562,542,1,64,random,none,truncate,26,True
0.5395212668700944,0.06355350711982921,2.0735996847135327,2.8647123606350466,2.348307335252505,esr1,21046,383,1,64,random,none,truncate,21,True
0.6205724096012277,0.07667535601827317,3.8052697018597392,3.8052697018597392,2.723337821647812,esr2,20549,367,1,64,random,none,truncate,18,True
0.5231393580808517,0.017931230799718686,0.3717162951311674,0.7434325902623348,0.707635009310987,fa10,20560,537,1,64,random,none,truncate,24,True
0.5789094433441464,0.03324738365996133,0.0,2.614720394736842,1.052466070837471,fa7,6359,114,1,64,random,none,truncate,22,True
0.5227897185049961,0.015616338444838932,0.0,0.0,0.8498480243161094,fabp4,2796,47,1,64,random,none,truncate,29,True
0.5729327102803624,0.023647774486789307,0.0,0.990909090909091,1.3974358974358976,fak1,5450,100,1,64,random,none,truncate,21,True
0.6045946747756432,0.8947122381454999,1.6978417266187051,1.6978417266187051,1.3441247002398082,fgfr1,472,278,1,64,random,none,truncate,28,True
0.5773594283939072,0.002525817581336376,0.0,0.0,0.539718772826881,fkb1a,5911,111,1,64,random,none,truncate,21,True
0.5263994684456486,0.01940295127521662,0.6733716475095786,1.011996161228407,1.013162951575711,fnta,52022,592,1,64,random,none,truncate,25,True
0.39920919626068163,0.00025332507781938894,0.0,0.0,0.0,fpps,8907,85,1,64,random,none,truncate,21,True
0.5264360431493272,0.04890090211478693,4.604047115675023,3.0894259512590567,1.0841334186757698,gcr,15244,258,1,64,random,none,truncate,29,True
0.347069891686896,0.012782491372700829,0.0,0.0,0.7393974285165995,glcm,3853,54,1,64,random,none,truncate,21,True
0.5499738961494933,0.00834025704401845,0.0,0.0,1.1382911392405064,gria2,11990,158,1,64,random,none,truncate,17,True
0.449848543736296,0.00450980818302661,0.0,0.0,0.3953260190883953,grik1,6648,101,1,64,random,none,truncate,15,True
0.40616433503122085,0.038842059417748764,3.207751147373789,2.1588674388674387,1.0794337194337194,hdac2,10484,185,1,64,random,none,truncate,17,True
0.380180276551665,0.0250535990704586,1.156644880174292,0.5837273227047829,1.1762490306857207,hdac8,10618,170,1,64,random,none,truncate,19,True
0.5591300421432809,0.04090298106689411,1.9835294117647058,1.9835294117647058,2.7933727810650884,hivint,6744,100,1,64,random,none,truncate,16,True
0.4771389877278103,0.03585064880522631,2.970641298999508,2.0479421076436,1.2680966030773286,hivpr,36224,536,1,64,random,none,truncate,33,True
0.5347535582412053,0.0575276339707246,1.7584029768803757,1.7675138731336422,2.839793361205352,hivrt,19217,338,1,64,random,none,truncate,17,True
0.5748235563240687,0.10989177996991277,5.825490196078432,5.2429411764705875,3.1739778422579796,hmdh,8913,170,1,64,random,none,truncate,25,True
0.4243502475247508,0.022528533596785454,2.2436363636363637,1.1218181818181818,1.1354435038645565,hs90a,4936,88,1,64,random,none,truncate,18,True
0.38305264424857827,0.0032072238523165944,0.0,0.0,0.21684782608695652,hxk4,4788,92,1,64,random,none,truncate,23,True
0.7117408011822108,0.03752952931862107,2.657376126126126,1.3426742532005689,1.8916914796152084,igf1r,9439,148,1,64,random,none,truncate,26,True
0.44902932254802774,2.004657575183704e-06,0.0,0.0,0.0,inha,2343,43,1,64,random,none,truncate,22,True
0.5513154816488378,0.01248369978844864,0.0,0.7183908045977012,0.8680555555555556,ital,8625,138,1,64,random,none,truncate,35,True
0.5332657040282758,0.030893591298070063,0.0,0.0,1.6776689160572604,jak2,6602,107,1,64,random,none,truncate,19,True
0.5548549286980424,0.026189073011742864,1.715270935960591,1.715270935960591,1.2041300266772057,kif11,6964,116,1,64,random,none,truncate,21,True
0.4594678128614678,0.010311745972472945,0.0,0.5975115414930751,0.4816100560433826,kit,10613,166,1,64,random,none,truncate,21,True
0.7044998461064892,0.11916964953139068,6.800000000000001,5.1,3.1438356164383565,kith,2907,57,1,64,random,none,truncate,16,True
0.7480799713657149,0.10161704181019923,7.265020576131688,5.142655014565127,4.437908496732026,kpcb,8827,135,1,64,random,none,truncate,19,True
0.636148135004722,0.03229212840695498,0.9521754025351148,1.1902192531688933,1.7139157245632066,lck,27794,420,1,64,random,none,truncate,28,True
0.4949368906318786,0.016883167402375575,1.1479890201694711,0.5799119792608669,0.7016814385235438,lkha4,9619,171,1,64,random,none,truncate,19,True
0.4671134756228183,0.03346282102034073,0.0,0.9819267641049819,2.1740423243602316,mapk2,6248,101,1,64,random,none,truncate,19,True
0.5673710628374922,0.0022941217949559757,0.0,0.0,0.425531914893617,mcr,5240,94,1,64,random,none,truncate,25,True
0.6941361531535399,0.07224504009307631,3.554009140008309,3.5849135673127295,3.369358344059249,met,11406,166,1,64,random,none,truncate,26,True
0.5850728655244141,0.052485833317692014,2.4404008438818563,2.4923242660921088,1.7671868179834134,mk01,4627,79,1,64,random,none,truncate,17,True
0.5088839218063336,0.02336833972836518,0.0,1.8956447963800906,0.9591059981684982,mk10,6703,104,1,64,random,none,truncate,19,True
0.4897743183216934,0.014957408853202054,0.6918133769344842,0.6918133769344842,0.7264040457812084,mk14,36388,578,1,64,random,none,truncate,28,True
0.48084179597808957,0.004754017052269891,0.0,0.0,0.3146686205041643,mmp13,37698,572,1,64,random,none,truncate,19,True
0.7125109176729122,0.12437853361464941,8.134592680047225,7.409339838693618,4.951491196550485,mp2k1,8268,121,1,64,random,none,truncate,21,True
0.5239204968944114,0.03299626942561693,1.9878048780487805,1.9878048780487805,1.7977941176470589,nos1,8150,100,1,64,random,none,truncate,20,True
0.4925481726809111,0.029169354454162227,2.00797193877551,1.0199222546161322,1.2239067055393584,nram,6297,98,1,64,random,none,truncate,17,True
0.5765231012024582,0.047492993594471344,1.9622147399925178,1.999237659615018,1.6115527902600146,pa2ga,5245,99,1,64,random,none,truncate,17,True
0.5438596571716238,0.08098756126769523,4.71560907827698,4.126157943492357,2.8724169827266355,parp1,30543,508,1,64,random,none,truncate,22,True
0.5898960848353606,0.06717027797020812,4.509529791816224,4.008470926058866,2.110477170955062,pde5a,27919,398,1,64,random,none,truncate,23,True
0.538161360111907,0.01864042718310504,0.0,0.5124475524475525,1.3323636363636364,pgh1,10992,195,1,64,random,none,truncate,21,True
0.48662041142816653,0.02200392929790574,0.45918566140658484,0.9183713228131697,0.8731927505288916,pgh2,23570,435,1,64,random,none,truncate,19,True
0.6772985333001614,0.09675463968371409,7.374098798397864,4.608811748998665,2.9837393981956675,plk1,6904,107,1,64,random,none,truncate,22,True
0.5960955507438691,0.021665730568974403,0.0,0.9644468754273212,1.745840094612063,pnph,7053,103,1,64,random,none,truncate,17,True
0.47636315636968213,0.006567782476537246,0.0,0.0,0.37512596733405584,ppara,19729,373,1,64,random,none,truncate,30,True
0.502667103002526,0.013405617230379769,0.0,0.4154333333333333,0.665758547008547,ppard,12463,240,1,64,random,none,truncate,29,True
0.4918184076052904,0.030638195961211312,1.6490486257928119,1.8551797040169133,1.1570247933884297,pparg,25740,484,1,64,random,none,truncate,24,True
0.6063215644586697,0.01387445146613775,1.359641638225256,0.679820819112628,0.7506177174643822,prgr,15935,293,1,64,random,none,truncate,26,True
0.5065538079206457,0.027779724658314714,1.5328482328482327,1.5328482328482327,1.537002293099854,ptn1,7373,130,1,64,random,none,truncate,17,True
0.796184112843385,0.0352646747645927,0.0,0.0,2.7837681159420287,pur2,2744,50,1,64,random,none,truncate,21,True
0.4146581844551407,0.00018195715530528164,0.0,0.0,0.0,pygm,4017,77,1,64,random,none,truncate,29,True
0.6594144563427845,0.05584289273766134,0.0,2.685094185094185,2.881564491320589,pyrd,6557,111,1,64,random,none,truncate,19,True
0.5496557540231171,0.013393060912678435,0.0,0.0,1.3459631728045325,reni,7059,104,1,64,random,none,truncate,32,True
0.44897411465777387,0.02348549931788534,0.0,0.0,1.59925,rock1,6397,100,1,64,random,none,truncate,20,True
0.616267742450357,0.05353741636192609,1.4983036471586089,3.038813030856897,1.980808211497822,rxra,7066,131,1,64,random,none,truncate,30,True
0.570876466528635,0.0029750552071716,0.0,0.0,0.6336580086580087,sahh,3513,63,1,64,random,none,truncate,18,True
0.5402376307030835,0.019961284517854786,0.0,0.19071973827699018,1.6029617796865383,src,34978,524,1,64,random,none,truncate,22,True
0.43168494311797356,0.03573081901201319,1.4748803827751196,1.4918330308529946,1.6524122807017545,tgfr1,8631,133,1,64,random,none,truncate,18,True
0.49293275384480084,0.016906080042341905,1.9274399591211036,0.9637199795605518,0.5812914162428725,thb,7544,103,1,64,random,none,truncate,30,True
0.5538036298397125,0.026000335437604657,1.292511553333962,1.5134135279037664,1.040797049511812,thrb,27409,461,1,64,random,none,truncate,17,True
0.48271299293380293,0.03487550821306746,3.113670108658973,2.001645069852197,1.1573828455450659,try1,26363,449,1,64,random,none,truncate,22,True
0.5194145146061971,0.035466786063698505,0.0,2.0246881496881497,1.4847713097713098,tryb1,7791,148,1,64,random,none,truncate,23,True
0.696530154865875,0.07098572489398942,1.7947575360419397,1.8207685148251562,3.29649343354642,tysy,6847,109,1,64,random,none,truncate,19,True
0.41819560643867576,0.0051219808824400775,0.0,0.0,0.6162366624775141,urok,10003,162,1,64,random,none,truncate,20,True
0.6311394686708357,0.06663689971407698,3.90196946653062,2.9264770998979652,2.8845162995968763,vgfr2,25335,409,1,64,random,none,truncate,22,True
0.774713919399901,0.15592639054599466,7.659313725490196,7.78089013383131,5.481425797155923,wee1,6250,102,1,64,random,none,truncate,26,True
0.7294324586977554,0.16607329720990185,5.827777777777778,8.906603773584905,5.185171102661596,xiap,5245,100,1,64,random,none,truncate,16,True
